Title	Nombre moyen d'erreurs	Temps de sélection moyen (s)
Standard	0.039456196581197	0.19695492315921
Biaisé	0.030603988603989	0.180936891330331
