Title	Average	Min	Max
Standard	0.306025641025641	0.287366884600615	0.324684397450667
Biaisé	0.214102564102564	0.198852014605604	0.229353113599524
