Title	Nombre moyen d'erreurs	Temps de sélection moyen (s)
Standard	0.306025641025641	1.85543921329327
Biaisé	0.214102564102564	1.7119271022476
