Title	Average	Min	Max
Standard	2.81627499801282	2.62041616379963	3.01213383222601
Biaisé	2.60120890344872	2.2106891528513	2.99172865404614
