Title	Average	Min	Max
Standard	1.85543921329327	1.73725268776993	1.97362573881661
Biaisé	1.7119271022476	1.60797334289469	1.8158808616005
