#Subject	Angle	Frequency	Speed	Average_cursor_speed
05	0	1	0	378.260170728
06	0	1	0	361.521664019
07	0	1	0	330.95964473
08	0	1	0	221.475942061
09	0	1	0	261.628989475
10	0	1	0	221.492615704
11	0	1	0	394.043528331
12	0	1	0	319.624976718
13	0	1	0	353.031309054
