Title	Average	Min	Max
Standard	0.055392156862745	0.044483482898983	0.066300830826507
Pseudo-haptique	0.049754901960784	0.038253130548121	0.061256673373448
