Title	Average	Min	Max
Standard	0.05814809541758	0.052424893347909	0.063871297487251
Pseudo-haptique	0.087687419005871	0.077174600205714	0.098200237806028
