Title	Average	Min	Max
Standard	0.154411764705882	0.12432643616876	0.184497093243005
Pseudo-haptique	0.142647058823529	0.109361266675744	0.175932850971315
