Title	Average	Min	Max
Standard	13.9722317529412	10.0723975265588	17.8720659793236
Pseudo-haptique	21.8233418751471	11.2467596550951	32.399924095199
