Title	Average	Min	Max
Standard	10.2488627514706	8.23283534461108	12.2648901583301
Pseudo-haptique	14.7871571280882	9.59598450637013	19.9783297498063
