Title	Average	Min	Max
2	0.2104690815974	0.180651810003683	0.240286353191117
4	0.241606944753778	0.209749148823618	0.273464740683937
8	0.224727492412052	0.196092010234192	0.253362974589913
