Title	Average	Min	Max
2	0.165909342189414	0.14787088363012	0.183947800748708
4	0.182276379111511	0.162430121486758	0.202122636736265
8	0.186339255756504	0.165730911249866	0.206947600263142
