Title	Average	Min	Max
2	0.230108583657591	0.197343759094989	0.262873408220192
4	0.263749702680884	0.227464450879681	0.300034954482086
8	0.269073651013955	0.229622883001883	0.308524419026027
