Title	Average	Min	Max
2	0.277989177473711	0.230895537732889	0.325082817214533
4	0.325482929578635	0.271382836610164	0.379583022547105
8	0.301443468879377	0.251027135140997	0.351859802617757
