Title	Average	Min	Max
2	0.192885537559386	0.172254629834229	0.213516445284542
4	0.228773528978061	0.204854027374884	0.252693030581239
8	0.227417873744324	0.202369385876681	0.252466361611966
