Title	Average	Min	Max
2	0.192927775767393	0.173656802709197	0.212198748825588
4	0.223757423936389	0.201644431813752	0.245870416059027
8	0.226720721943866	0.203350133492041	0.250091310395691
