Title	Average	Min	Max
2	0.223785296610806	0.194297601709096	0.253272991512515
4	0.25436968130557	0.220600409235772	0.288138953375367
8	0.263077002451831	0.227164781457289	0.298989223446372
