Title	Average	Min	Max
2	0.202170121204686	0.174466321271744	0.229873921137628
4	0.229773252183935	0.199312705228216	0.260233799139655
8	0.218360127403763	0.189035225528212	0.247685029279314
