Title	Average	Min	Max
2	0.170363724729661	0.150382587532771	0.190344861926551
4	0.188760557713784	0.16734210543961	0.210179009987958
8	0.190503502770913	0.16792067643224	0.213086329109585
