Title	Average	Min	Max
2	30.6083356462585	25.7041447468977	35.5125265456193
4	34.2432504455782	27.8621484627859	40.6243524283706
8	37.6207874251701	27.2257644928868	48.0158103574534
