Title	Average	Min	Max
2	27.7250455625	23.3511700438384	32.0989210811616
4	30.9206996755952	25.2487110150009	36.5926883361895
8	34.0181087592262	24.8616445740217	43.1745729444307
