Title	Average	Min	Max
2	21.8782683690476	18.4280041542435	25.3285325838517
4	23.7022038214286	20.5851326121125	26.8192750307447
8	23.0297471428571	19.4631481753024	26.5963461104119
