Title	Nombre moyen d'erreurs	Temps de sélection moyen (s)
Homo	9.4823717948718	2.97511534104839
Hétéro	9.3036858974359	2.84232470104839
