Title	Average	Min	Max
"Homo"	9.48225806451613	8.998450022770726	9.966066106261533
"Hétéro"	9.303629032258064	8.919467509291762	9.687790555224366
