Title	Average	Min	Max
"Homo"	9.548878205128204	9.06342258346661	10.0343338267898
"Hétéro"	9.353365384615385	8.970165293445698	9.736565475785072
