"Title"	"Nombre moyen d'erreurs"	"Temps de sélection moyen (s)"
"Homo"	9.548878205128204	3.0995065407852564
"Hétéro"	9.353365384615385	2.9671001252403846
