Title	Average	Min	Max
Homo	9.4823717948718	9.00163875715255	9.96310483259104
Hétéro	9.3036858974359	8.92193779852456	9.68543399634724
