"Title"	"Nombre moyen d'erreurs"	"Temps de sélection moyen (s)"
"Homo"	9.48225806451613	2.975115341048387
"Hétéro"	9.303629032258064	2.842324701048387
