Title	σ-Temps	σ-Erreurs	σ-Produit
Homo	3.83764228767386	12.2537830951865	257.472553385479
Hétéro	2.96462906713593	9.73067801466823	148.396411373009
