Title	σ-Temps	σ-Erreurs	σ-Produit
"Homo"	3.849266821900239	12.292574580469022	258.2775995764492
"Hétéro"	2.973621114792068	9.760759980287562	148.8590034736237
