Title	σ-Temps	σ-Erreurs	σ-Produit
Homo	0.145507261731305	0.151493334380713	0.248083892873647
Hétéro	0.1207239615823	0.123078326758167	0.184927358760496
