Title	Nombre moyen d'erreurs	Temps de sélection moyen (s)
Homo	0.118676536369447	0.126465382416517
Hétéro	0.115848386057119	0.124812254535671
