Title	Average	Min	Max
Homo	0.126465382416517	0.120756929165881	0.132173835667152
Hétéro	0.124812254535671	0.12007608478906	0.129548424282283
