Title	Average	Min	Max
Homo	0.118676536369447	0.112733241122148	0.124619831616746
Hétéro	0.115848386057119	0.111019851274004	0.120676920840234
