Title	Average	Min95	Min98	Max98	Max95
Homo	73.8369135971087	63.7359054629795	61.8496968011983	85.8241303930191	83.9379217312378
Hétéro	54.3172097746891	48.4954111454963	47.4082793606573	61.2261401887209	60.1390084038818
