Title	Average	Min95	Min98	Max98	Max95
"Homo"	74.10611870895161	63.94089425903677	62.04269418318532	86.1695432347179	84.27134315886646
"Hétéro"	54.47474000758065	48.61598499289289	47.521952168721604	61.427527846439695	60.33349502226841
