Title	Average	Min	Max
"Homo"	2.975115341048387	2.8236168708891722	3.126613811207602
"Hétéro"	2.842324701048387	2.7252896731929415	2.9593597289038325
