Title	Average	Min	Max
Homo	2.97511534104839	2.82455927029845	3.12567141179833
Hétéro	2.84232470104839	2.72601815913523	2.95863124296154
