Title	Average	Min	Max
"Homo"	3.0995065407852564	2.9338074917708443	3.2652055897996686
"Hétéro"	2.9671001252403846	2.8290859747546855	3.1051142757260837
