Title	Average	Min	Max
Standard	0.027696078431373	0.022048401893021	0.033343754969724
Pseudo-haptique	0.024877450980392	0.018978483945216	0.030776418015569
