Title	Average	Min95	Max95
Standard	0.158492359661393	0.149703589800824	0.167281129521963
Pseudo-haptique	0.141727322112562	0.13323314873584	0.150221495489284
