Title	Average	Min	Max
Standard	0.15549933321108	0.146912601578659	0.164086064843501
Pseudo-haptique	0.137072511706019	0.129238616614033	0.144906406798005
