Title	Average	Min	Max
Standard	0.077205882352941	0.061618547992933	0.092793216712949
Pseudo-haptique	0.071323529411765	0.054260055101451	0.088387003722079
