Title	Average	Min	Max
Standard	14.1763182970588	12.1932742830793	16.1593623110384
Pseudo-haptique	16.1330699066912	10.830226404488	21.4359134088944
