Title	Average	Min	Max
Standard	12.3146337963235	11.2374272945122	13.3918402981348
Pseudo-haptique	12.6149775331618	10.0018138475471	15.2281412187764
